{
  "eval": "E7 flatness audit (WS1) \u2014 replay diagnostics on sealed BT1",
  "version": "v2 (2026-07-19): outcome-class correction \u2014 v1 assumed a literal bypass code 'R' (codes are T/S/F/D), so 'diverted' never fired; classes are now code-agnostic and baseline-relative. Decomposition, fidelity gates, similarity, and population diffs are unchanged from v1 (git history).",
  "replayed_member": 0,
  "fidelity_gate": {
    "T1/toll": {
      "replayed": 0.2825422535890243,
      "sealed": 0.2825422535890243,
      "match": true
    },
    "T1/placebo": {
      "replayed": 0.013285897472980035,
      "sealed": 0.013285897472980035,
      "match": true
    },
    "T2/toll": {
      "replayed": 0.2705774406328936,
      "sealed": 0.2705774406328936,
      "match": true
    },
    "T2/placebo": {
      "replayed": -0.0051798683961346015,
      "sealed": -0.0051798683961346015,
      "match": true
    },
    "T3/toll": {
      "replayed": 0.45360042352523555,
      "sealed": 0.45360042352523555,
      "match": true
    },
    "T3/placebo": {
      "replayed": 0.2474470669959391,
      "sealed": 0.2474470669959391,
      "match": true
    },
    "T4/toll": {
      "replayed": 0.27142796466190955,
      "sealed": 0.27142796466190955,
      "match": true
    },
    "T4/placebo": {
      "replayed": -0.010287728751031455,
      "sealed": -0.010287728751031455,
      "match": true
    },
    "T4_noclaims/toll": {
      "replayed": 0.2835601123442315,
      "sealed": 0.2835601123442315,
      "match": true
    },
    "T4_noclaims/placebo": {
      "replayed": -0.00779562318023852,
      "sealed": -0.00779562318023852,
      "match": true
    },
    "T5/toll": {
      "replayed": 0.2683843263553408,
      "sealed": 0.2683843263553408,
      "match": true
    },
    "T5/placebo": {
      "replayed": -0.006916647496357564,
      "sealed": -0.006916647496357564,
      "match": true
    }
  },
  "decomposition": {
    "T1/toll": {
      "baseline": {
        "travelers_per_day": 507.13793103448273,
        "tunnel_per_day": 170.31034482758622,
        "share": 0.3358264771877338
      },
      "post": {
        "travelers_per_day": 505.42857142857144,
        "tunnel_per_day": 122.19047619047619,
        "share": 0.24175617109478048
      },
      "volume_drop_abs": 48.11986863711003,
      "drop_relative": 0.28254225358902424,
      "demand_term_abs": 0.5740482147002008,
      "route_term_abs": 47.545820422409825,
      "demand_share_of_drop": 0.01192954658769569,
      "route_share_of_drop": 0.9880704534123043,
      "identity_residual": 7.105427357601002e-15
    },
    "T1/placebo": {
      "baseline": {
        "travelers_per_day": 507.13793103448273,
        "tunnel_per_day": 170.31034482758622,
        "share": 0.3358264771877338
      },
      "post": {
        "travelers_per_day": 505.42857142857144,
        "tunnel_per_day": 168.04761904761904,
        "share": 0.3324853966459393
      },
      "volume_drop_abs": 2.262725779967184,
      "drop_relative": 0.013285897472980021,
      "demand_term_abs": 0.5740482147002008,
      "route_term_abs": 1.6886775652669888,
      "demand_share_of_drop": 0.25369765076372897,
      "route_share_of_drop": 0.7463023492362736,
      "identity_residual": -5.773159728050814e-15
    },
    "T2/toll": {
      "baseline": {
        "travelers_per_day": 615.2068965517242,
        "tunnel_per_day": 205.20689655172413,
        "share": 0.33355753601255533
      },
      "post": {
        "travelers_per_day": 615.015873015873,
        "tunnel_per_day": 149.68253968253967,
        "share": 0.24337996180250862
      },
      "volume_drop_abs": 55.52435686918446,
      "drop_relative": 0.2705774406328935,
      "demand_term_abs": 0.0637173399389232,
      "route_term_abs": 55.460639529245555,
      "demand_share_of_drop": 0.0011475565595301075,
      "route_share_of_drop": 0.9988524434404702,
      "identity_residual": -2.1316282072803006e-14
    },
    "T2/placebo": {
      "baseline": {
        "travelers_per_day": 615.2068965517242,
        "tunnel_per_day": 205.20689655172413,
        "share": 0.33355753601255533
      },
      "post": {
        "travelers_per_day": 615.015873015873,
        "tunnel_per_day": 206.26984126984127,
        "share": 0.3353894595571156
      },
      "volume_drop_abs": -1.0629447181171372,
      "drop_relative": -0.005179868396134596,
      "demand_term_abs": 0.0637173399389232,
      "route_term_abs": -1.1266620580560507,
      "demand_share_of_drop": -0.05994417099300314,
      "route_share_of_drop": 1.059944170992994,
      "identity_residual": -9.769962616701378e-15
    },
    "T3/toll": {
      "baseline": {
        "travelers_per_day": 535.0,
        "tunnel_per_day": 178.86206896551724,
        "share": 0.33432162423461165
      },
      "post": {
        "travelers_per_day": 399.6031746031746,
        "tunnel_per_day": 97.73015873015873,
        "share": 0.24456802383316786
      },
      "volume_drop_abs": 81.1319102353585,
      "drop_relative": 0.4536004235252355,
      "demand_term_abs": 45.26608658287679,
      "route_term_abs": 35.8658236524817,
      "demand_share_of_drop": 0.5579319709293514,
      "route_share_of_drop": 0.4420680290706484,
      "identity_residual": 1.4210854715202004e-14
    },
    "T3/placebo": {
      "baseline": {
        "travelers_per_day": 535.0,
        "tunnel_per_day": 178.86206896551724,
        "share": 0.33432162423461165
      },
      "post": {
        "travelers_per_day": 399.6031746031746,
        "tunnel_per_day": 134.6031746031746,
        "share": 0.33684210526315794
      },
      "volume_drop_abs": 44.25889436234263,
      "drop_relative": 0.24744706699593913,
      "demand_term_abs": 45.26608658287679,
      "route_term_abs": -1.0071922205341743,
      "demand_share_of_drop": 1.0227568319327724,
      "route_share_of_drop": -0.022756831932772743,
      "identity_residual": 1.6431300764452317e-14
    },
    "T4/toll": {
      "baseline": {
        "travelers_per_day": 544.3448275862069,
        "tunnel_per_day": 180.41379310344828,
        "share": 0.33143291524135315
      },
      "post": {
        "travelers_per_day": 544.6031746031746,
        "tunnel_per_day": 131.44444444444446,
        "share": 0.24135820460507143
      },
      "volume_drop_abs": 48.96934865900383,
      "drop_relative": 0.2714279646619096,
      "demand_term_abs": -0.08562470497751826,
      "route_term_abs": 49.05497336398136,
      "demand_share_of_drop": -0.0017485367341469578,
      "route_share_of_drop": 1.0017485367341472,
      "identity_residual": -1.4210854715202004e-14
    },
    "T4/placebo": {
      "baseline": {
        "travelers_per_day": 544.3448275862069,
        "tunnel_per_day": 180.41379310344828,
        "share": 0.33143291524135315
      },
      "post": {
        "travelers_per_day": 544.6031746031746,
        "tunnel_per_day": 182.26984126984127,
        "share": 0.3346837656659866
      },
      "volume_drop_abs": -1.8560481663929806,
      "drop_relative": -0.01028772875103143,
      "demand_term_abs": -0.08562470497751826,
      "route_term_abs": -1.7704234614154641,
      "demand_share_of_drop": 0.04613280330106959,
      "route_share_of_drop": 0.9538671966989314,
      "identity_residual": 1.7763568394002505e-15
    },
    "T4_noclaims/toll": {
      "baseline": {
        "travelers_per_day": 544.448275862069,
        "tunnel_per_day": 180.6551724137931,
        "share": 0.33181328773196533
      },
      "post": {
        "travelers_per_day": 545.9047619047619,
        "tunnel_per_day": 129.42857142857142,
        "share": 0.23709002093510115
      },
      "volume_drop_abs": 51.226600985221694,
      "drop_relative": 0.28356011234423156,
      "demand_term_abs": -0.4832814223616749,
      "route_term_abs": 51.709882407583386,
      "demand_share_of_drop": -0.009434188743092601,
      "route_share_of_drop": 1.0094341887430929,
      "identity_residual": -1.4210854715202004e-14
    },