{
  "contamination_flag": false,
  "ensemble_mean_masked": {
    "mode_shares": [
      0.12020419070801727,
      0.07205832105125817,
      0.23501957959517084,
      0.5595535065080889,
      0.013164402137464823
    ],
    "time_bands": [
      0.07341750838732938,
      0.14493063951662005,
      0.4620497807134706,
      0.16993613252973966,
      0.14966593885284035
    ],
    "trips_per_day": [
      0.1629446713480259,
      0.029117883321678296,
      0.27561410547254955,
      0.12189367235574637,
      0.15274834965546424,
      0.08651959461754793,
      0.05798243770908572,
      0.04093386867345716,
      0.07224541684644478
    ]
  },
  "ensemble_mean_unmasked": {
    "mode_shares": [
      0.11602753655712505,
      0.07111479280808393,
      0.23834136689944635,
      0.5623535323397786,
      0.012162771395566199
    ],
    "time_bands": [
      0.06818539825315566,
      0.141071026402656,
      0.45943137780295407,
      0.1764200369163131,
      0.15489216062492103
    ],
    "trips_per_day": [
      0.15720677668924277,
      0.0465260341625259,
      0.2669503524514044,
      0.12066089868182486,
      0.14979793997298257,
      0.08905828194576969,
      0.05861468003432759,
      0.03360594539184348,
      0.07757909067007869
    ]
  },
  "eval": "e5i",
  "n_personas": 11940,
  "n_runs": 20,
  "namespaces": [
    "run20260717",
    "run20260718",
    "run20260719",
    "run20260720",
    "run20260721",
    "run20260722",
    "run20260723",
    "run20260724",
    "run20260725",
    "run20260726",
    "run20260727",
    "run20260728",
    "run20260729",
    "run20260730",
    "run20260731",
    "run20260732",
    "run20260733",
    "run20260734",
    "run20260735",
    "run20260736"
  ],
  "probe": {
    "flag": false,
    "per_family": {
      "mode_shares": {
        "tvd_masked": 0.06094998184596035,
        "tvd_unmasked": 0.05814995601427072
      },
      "time_bands": {
        "tvd_masked": 0.031767667136023234,
        "tvd_unmasked": 0.029159848274458996
      },
      "trips_per_day": {
        "tvd_masked": 0.022370019000979128,
        "tvd_unmasked": 0.034448484705813374
      }
    },
    "pooled_tvd_masked": 0.06094998184596035,
    "pooled_tvd_unmasked": 0.05814995601427072,
    "relative_improvement": 0.04593973200461604,
    "scoring": "ensemble-mean pooled TVD (max across the three families), one fixed full-sample reference, no resampling; paired protocol (sealed A2.3(i))",
    "threshold": 0.25
  },
  "realization": "two-brain baseline loop (warmup 10, scoring 7)",
  "reference": {
    "mode_shares": [
      0.10648604102938473,
      0.054580657971232974,
      0.2090850984986672,
      0.6205034883540492,
      0.009344714146665845
    ],
    "time_bands": [
      0.06055613472986512,
      0.12733082640322183,
      0.46680052400383304,
      0.16862965216457895,
      0.17668286269850117
    ],
    "trips_per_day": [
      0.17269426431742754,
      0.013950828668285524,
      0.2686404171107867,
      0.12310683766326519,
      0.15251907366964082,
      0.08740543895681817,
      0.062297838796987984,
      0.04202664636933091,
      0.07735865444745726
    ]
  },
  "seed": 20260717
}