{
  "contamination_flag": false,
  "ensemble_mean_masked": {
    "mode_shares": [
      0.11995900186155709,
      0.07185038706499831,
      0.23544635422182317,
      0.5594760466911144,
      0.013268210160507003
    ],
    "time_bands": [
      0.07310274577344181,
      0.14494299094893232,
      0.46168000135281523,
      0.17048538151404402,
      0.1497888804107666
    ],
    "trips_per_day": [
      0.16299616248835874,
      0.029323355880377898,
      0.2754923545167532,
      0.12100859408124978,
      0.15208105185775853,
      0.08706195682093978,
      0.05791607878955337,
      0.04118535283008135,
      0.0729350927349274
    ]
  },
  "ensemble_mean_unmasked": {
    "mode_shares": [
      0.11627440495180111,
      0.07188841848665448,
      0.238536321803472,
      0.5611339521233057,
      0.012166902634766481
    ],
    "time_bands": [
      0.06780283492843421,
      0.1418984378576263,
      0.4594921358038218,
      0.17590391307270367,
      0.15490267833741395
    ],
    "trips_per_day": [
      0.15741028393605547,
      0.04526800963545445,
      0.26903373913920464,
      0.12068378982321937,
      0.14924543675871604,
      0.08766864514971293,
      0.05910265413812456,
      0.03476864833103219,
      0.07681879308848036
    ]
  },
  "eval": "e5i",
  "n_personas": 11940,
  "n_runs": 20,
  "namespaces": [
    "run20260717",
    "run20260718",
    "run20260719",
    "run20260720",
    "run20260721",
    "run20260722",
    "run20260723",
    "run20260724",
    "run20260725",
    "run20260726",
    "run20260727",
    "run20260728",
    "run20260729",
    "run20260730",
    "run20260731",
    "run20260732",
    "run20260733",
    "run20260734",
    "run20260735",
    "run20260736"
  ],
  "probe": {
    "flag": false,
    "per_family": {
      "mode_shares": {
        "tvd_masked": 0.061027441662934834,
        "tvd_unmasked": 0.059369536230743404
      },
      "time_bands": {
        "tvd_masked": 0.03201450493875231,
        "tvd_unmasked": 0.029088572561098366
      },
      "trips_per_day": {
        "tvd_masked": 0.022224464618058902,
        "tvd_unmasked": 0.03197370918848169
      }
    },
    "pooled_tvd_masked": 0.061027441662934834,
    "pooled_tvd_unmasked": 0.059369536230743404,
    "relative_improvement": 0.027166556339496082,
    "scoring": "ensemble-mean pooled TVD (max across the three families), one fixed full-sample reference, no resampling; paired protocol (sealed A2.3(i))",
    "threshold": 0.25
  },
  "reference": {
    "mode_shares": [
      0.10648604102938473,
      0.054580657971232974,
      0.2090850984986672,
      0.6205034883540492,
      0.009344714146665845
    ],
    "time_bands": [
      0.06055613472986512,
      0.12733082640322183,
      0.46680052400383304,
      0.16862965216457895,
      0.17668286269850117
    ],
    "trips_per_day": [
      0.17269426431742754,
      0.013950828668285524,
      0.2686404171107867,
      0.12310683766326519,
      0.15251907366964082,
      0.08740543895681817,
      0.062297838796987984,
      0.04202664636933091,
      0.07735865444745726
    ]
  },
  "seed": 20260717
}